,Algorithm,Partial,EnvName,run_id,FinalReturn
0,PQN (MLP),False,AutoEncodeEasy,b3d5vz6i,0.26030597
1,PQN (MLP),False,AutoEncodeEasy,pneekshh,0.25980982
2,PQN (MLP),False,AutoEncodeEasy,sd6xhoye,0.25902778
3,PQN (MLP),False,AutoEncodeHard,auklnzu6,0.24760473
4,PQN (MLP),False,AutoEncodeHard,d7g8aisi,0.24983948
5,PQN (MLP),False,AutoEncodeHard,xwb45fmq,0.25190035
6,PQN (MLP),False,AutoEncodeMedium,gq11uurn,0.25332496
7,PQN (MLP),False,AutoEncodeMedium,mk79m7rd,0.25369185
8,PQN (MLP),False,AutoEncodeMedium,su5imjhe,0.25257182
9,PQN (MLP),False,BattleShipEasy,anzkia4o,0.761538
10,PQN (MLP),False,BattleShipEasy,bofvth1z,0.7801697
11,PQN (MLP),False,BattleShipEasy,eyn2txmp,0.7847819
12,PQN (MLP),False,BattleShipHard,ff9vlyw7,0.14964202
13,PQN (MLP),False,BattleShipHard,ltzg74g2,0.39054704
14,PQN (MLP),False,BattleShipHard,vtlqofta,0.2598637
15,PQN (MLP),False,BattleShipMedium,nnui8czp,0.41308123
16,PQN (MLP),False,BattleShipMedium,r55j704c,0.49091557
17,PQN (MLP),False,BattleShipMedium,up4bdkwi,0.46726155
18,PQN (MLP),False,CartPoleEasy,31zs7gu3,0.9915657
19,PQN (MLP),False,CartPoleEasy,3t6t9zxm,0.9887832
20,PQN (MLP),False,CartPoleEasy,4tn0zlqg,0.992496
21,PQN (MLP),False,CartPoleHard,b3gzu6oy,0.95398486
22,PQN (MLP),False,CartPoleHard,mefnypf6,0.9364489
23,PQN (MLP),False,CartPoleHard,y2lht28e,0.95648944
24,PQN (MLP),False,CartPoleMedium,4rdv3vu5,0.9766623
25,PQN (MLP),False,CartPoleMedium,hpi7e90y,0.9657095
26,PQN (MLP),False,CartPoleMedium,ik5qz7nh,0.97482044
27,PQN (MLP),False,CountRecallEasy,2udujapk,0.39882696
28,PQN (MLP),False,CountRecallEasy,7cmqq9mv,0.40233776
29,PQN (MLP),False,CountRecallEasy,hvcj23sm,0.40922105
30,PQN (MLP),False,CountRecallHard,3k616xzl,0.14513503
31,PQN (MLP),False,CountRecallHard,5o2kz3l0,0.1450042
32,PQN (MLP),False,CountRecallHard,gywbwo20,0.14242893
33,PQN (MLP),False,CountRecallMedium,7bqm4fn1,0.16274974
34,PQN (MLP),False,CountRecallMedium,h1gl6u2l,0.2079512
35,PQN (MLP),False,CountRecallMedium,k8w6oq0r,0.19318523
36,PQN (MLP),False,MineSweeperEasy,9909zja5,0.73563665
37,PQN (MLP),False,MineSweeperEasy,soii3c0g,0.71682626
38,PQN (MLP),False,MineSweeperEasy,ukf6fo9v,0.7343504
39,PQN (MLP),False,MineSweeperHard,5fc4x6g9,0.13044836
40,PQN (MLP),False,MineSweeperHard,fqf8r834,0.13830067
41,PQN (MLP),False,MineSweeperHard,hqtg82ny,0.13442253
42,PQN (MLP),False,MineSweeperMedium,bdw0fcun,0.2515011
43,PQN (MLP),False,MineSweeperMedium,dzxy2n19,0.240497
44,PQN (MLP),False,MineSweeperMedium,mo2hvfuo,0.26548243
45,PQN (MLP),False,NavigatorEasy,8px86kqe,0.87169576
46,PQN (MLP),False,NavigatorEasy,qghlx1ym,0.8812144
47,PQN (MLP),False,NavigatorEasy,rpl2n1v4,0.8773009
48,PQN (MLP),False,NavigatorHard,2cozxlwy,0.7611282
49,PQN (MLP),False,NavigatorHard,606yamo0,0.7918878
50,PQN (MLP),False,NavigatorHard,9tqd3dlc,0.75777864
51,PQN (MLP),False,NavigatorMedium,fk8ui16s,0.860664
52,PQN (MLP),False,NavigatorMedium,n0p4lrgo,0.86355853
53,PQN (MLP),False,NavigatorMedium,orn14cm9,0.8497
54,PQN (MLP),False,NoisyCartPoleEasy,byqrh7ae,0.9115202
55,PQN (MLP),False,NoisyCartPoleEasy,ekspivdp,0.90798384
56,PQN (MLP),False,NoisyCartPoleEasy,hb71q0ql,0.92353183
57,PQN (MLP),False,NoisyCartPoleHard,4dvo82zb,0.71619064
58,PQN (MLP),False,NoisyCartPoleHard,67xdiukt,0.7026508
59,PQN (MLP),False,NoisyCartPoleHard,ntk603et,0.72096837
60,PQN (MLP),False,NoisyCartPoleMedium,41fi6xzr,0.8498539
61,PQN (MLP),False,NoisyCartPoleMedium,b2njnb2g,0.8835805
62,PQN (MLP),False,NoisyCartPoleMedium,maijwznt,0.8684764
63,PQN (MLP),True,AutoEncodeEasy,aktxtcb2,0.2589042
64,PQN (MLP),True,AutoEncodeEasy,l2xz7qm3,0.25949126
65,PQN (MLP),True,AutoEncodeEasy,voukqjvx,0.25833791
66,PQN (MLP),True,AutoEncodeHard,hka08bs0,0.24647391
67,PQN (MLP),True,AutoEncodeHard,huwxatzd,0.24858798
68,PQN (MLP),True,AutoEncodeHard,v9v8140s,0.24567342
69,PQN (MLP),True,AutoEncodeMedium,p9gw8462,0.2430994
70,PQN (MLP),True,AutoEncodeMedium,vhndatom,0.24681334
71,PQN (MLP),True,AutoEncodeMedium,wp0x0oba,0.2465004
72,PQN (MLP),True,BattleShipEasy,r6wf61ci,0.53507566
73,PQN (MLP),True,BattleShipEasy,r92eriq6,0.53115463
74,PQN (MLP),True,BattleShipEasy,ratw64ah,0.42548043
75,PQN (MLP),True,BattleShipHard,af8vhq8l,0.12223825
76,PQN (MLP),True,BattleShipHard,h7no84wu,0.1522235
77,PQN (MLP),True,BattleShipHard,uwc21u5u,0.1353839
78,PQN (MLP),True,BattleShipMedium,57uzdepw,0.28046206
79,PQN (MLP),True,BattleShipMedium,5mgenrym,0.3302524
80,PQN (MLP),True,BattleShipMedium,vc2won59,0.2815222
81,PQN (MLP),True,CartPoleEasy,awgak2b5,0.8670335
82,PQN (MLP),True,CartPoleEasy,i6o2r9vh,0.8642049
83,PQN (MLP),True,CartPoleEasy,xnudr9pu,0.8511703
84,PQN (MLP),True,CartPoleHard,22ulvg4n,0.3167677
85,PQN (MLP),True,CartPoleHard,9rihf5tm,0.31708246
86,PQN (MLP),True,CartPoleHard,gh2qbu4z,0.3202581
87,PQN (MLP),True,CartPoleMedium,elmtq5tg,0.48590818
88,PQN (MLP),True,CartPoleMedium,lnoemoio,0.48090684
89,PQN (MLP),True,CartPoleMedium,zds3sq68,0.48343712
90,PQN (MLP),True,CountRecallEasy,5d5vshf9,0.16048071
91,PQN (MLP),True,CountRecallEasy,myuxes13,0.16073814
92,PQN (MLP),True,CountRecallEasy,yvtc5y8h,0.15652023
93,PQN (MLP),True,CountRecallHard,2gyotnin,0.079749905
94,PQN (MLP),True,CountRecallHard,qfgwfkye,0.07972549
95,PQN (MLP),True,CountRecallHard,zcge8u19,0.075007044
96,PQN (MLP),True,CountRecallMedium,dyp106qi,0.07495295
97,PQN (MLP),True,CountRecallMedium,mz3jqur3,0.06678444
98,PQN (MLP),True,CountRecallMedium,o7x09oia,0.06042949
99,PQN (MLP),True,MineSweeperEasy,kodc68mk,0.48783115
100,PQN (MLP),True,MineSweeperEasy,riks8f7r,0.51191443
101,PQN (MLP),True,MineSweeperEasy,wytpw1my,0.4463659
102,PQN (MLP),True,MineSweeperHard,05ubu91c,0.1100184
103,PQN (MLP),True,MineSweeperHard,42tkg0cx,0.105793215
104,PQN (MLP),True,MineSweeperHard,sr6wp85g,0.10769173
105,PQN (MLP),True,MineSweeperMedium,gt089ja5,0.18846273
106,PQN (MLP),True,MineSweeperMedium,riib61wo,0.19403657
107,PQN (MLP),True,MineSweeperMedium,tr19663f,0.21738169
108,PQN (MLP),True,NavigatorEasy,2n7iyio9,0.22907327
109,PQN (MLP),True,NavigatorEasy,h77gbkhb,0.25059247
110,PQN (MLP),True,NavigatorEasy,l7kajm3y,0.24019001
111,PQN (MLP),True,NavigatorHard,8vyaovsl,-0.06055364
112,PQN (MLP),True,NavigatorHard,k3sm4bmr,-0.034133688
113,PQN (MLP),True,NavigatorHard,ta1et6t9,-0.060461335
114,PQN (MLP),True,NavigatorMedium,7hflkz39,0.05801288
115,PQN (MLP),True,NavigatorMedium,bszcepme,0.04759213
116,PQN (MLP),True,NavigatorMedium,tkqsjzxe,0.06912236
117,PQN (MLP),True,NoisyCartPoleEasy,ffwt5s19,0.8327629
118,PQN (MLP),True,NoisyCartPoleEasy,oo8b87kk,0.82934237
119,PQN (MLP),True,NoisyCartPoleEasy,pdrtx0jx,0.82432836
120,PQN (MLP),True,NoisyCartPoleHard,5fupieu6,0.65909284
121,PQN (MLP),True,NoisyCartPoleHard,5jzyqoe9,0.66658247
122,PQN (MLP),True,NoisyCartPoleHard,iy5ky0kl,0.65390646
123,PQN (MLP),True,NoisyCartPoleMedium,55gnp7zc,0.74659693
124,PQN (MLP),True,NoisyCartPoleMedium,9c1yq74z,0.73512405
125,PQN (MLP),True,NoisyCartPoleMedium,jod55o7z,0.7488755
126,PQN_RNN (Lru),False,AutoEncodeEasy,ahl31xt6,0.255506
127,PQN_RNN (Lru),False,AutoEncodeEasy,w07jugni,0.25785255
128,PQN_RNN (Lru),False,AutoEncodeEasy,z7aaiq1u,0.26215738
129,PQN_RNN (Lru),False,AutoEncodeHard,05c072w9,0.24560854
130,PQN_RNN (Lru),False,AutoEncodeHard,6oi5cn08,0.24026845
131,PQN_RNN (Lru),False,AutoEncodeHard,7mp7uq6j,0.2431476
132,PQN_RNN (Lru),False,AutoEncodeMedium,fkinrcg8,0.2486439
133,PQN_RNN (Lru),False,AutoEncodeMedium,uem014fs,0.24771656
134,PQN_RNN (Lru),False,AutoEncodeMedium,vip3c8zv,0.24999605
135,PQN_RNN (Lru),False,BattleShipEasy,fpn94h0s,0.8029944
136,PQN_RNN (Lru),False,BattleShipEasy,p49x55ei,0.7903904
137,PQN_RNN (Lru),False,BattleShipEasy,penxinhd,0.7766041
138,PQN_RNN (Lru),False,BattleShipHard,37tygv1s,0.13759387
139,PQN_RNN (Lru),False,BattleShipHard,5j2ywjnz,0.40538168
140,PQN_RNN (Lru),False,BattleShipHard,7hg4yu9q,0.5577478
141,PQN_RNN (Lru),False,BattleShipMedium,45j9a13w,0.23423107
142,PQN_RNN (Lru),False,BattleShipMedium,br258ikn,0.58983177
143,PQN_RNN (Lru),False,BattleShipMedium,w67lqnah,0.49236166
144,PQN_RNN (Lru),False,CartPoleEasy,a57qhez5,0.9980299
145,PQN_RNN (Lru),False,CartPoleEasy,c182a71i,0.9900351
146,PQN_RNN (Lru),False,CartPoleEasy,xfpzzy0p,0.9953753
147,PQN_RNN (Lru),False,CartPoleHard,74v06qzr,0.96629345
148,PQN_RNN (Lru),False,CartPoleHard,a3oj4tds,0.97819716
149,PQN_RNN (Lru),False,CartPoleHard,ziz0cg7e,0.94940037
150,PQN_RNN (Lru),False,CartPoleMedium,bcdkh3sl,0.9793399
151,PQN_RNN (Lru),False,CartPoleMedium,e3avxdvz,0.9802806
152,PQN_RNN (Lru),False,CartPoleMedium,opfkkbw1,0.93679005
153,PQN_RNN (Lru),False,CountRecallEasy,335g670n,0.51843435
154,PQN_RNN (Lru),False,CountRecallEasy,em0yxepu,0.5211915
155,PQN_RNN (Lru),False,CountRecallEasy,wx1t23b2,0.5283223
156,PQN_RNN (Lru),False,CountRecallHard,2pcyuac2,0.17638898
157,PQN_RNN (Lru),False,CountRecallHard,ovt7folj,0.1788179
158,PQN_RNN (Lru),False,CountRecallHard,xmjqeezv,0.20054501
159,PQN_RNN (Lru),False,CountRecallMedium,dg4v8cv9,0.20961235
160,PQN_RNN (Lru),False,CountRecallMedium,inh0dd1z,0.25884497
161,PQN_RNN (Lru),False,CountRecallMedium,l6cake6c,0.25305262
162,PQN_RNN (Lru),False,MineSweeperEasy,1xzsz8oy,0.776044
163,PQN_RNN (Lru),False,MineSweeperEasy,f3x7ejdp,0.7755393
164,PQN_RNN (Lru),False,MineSweeperEasy,uvg9vsam,0.7765099
165,PQN_RNN (Lru),False,MineSweeperHard,e8mmadea,0.18152548
166,PQN_RNN (Lru),False,MineSweeperHard,msx2b88q,0.1684356
167,PQN_RNN (Lru),False,MineSweeperHard,zf5we0xk,0.18768418
168,PQN_RNN (Lru),False,MineSweeperMedium,jlwmq4zz,0.32551846
169,PQN_RNN (Lru),False,MineSweeperMedium,mhz4lhz5,0.3544939
170,PQN_RNN (Lru),False,MineSweeperMedium,wpv5j0j7,0.36799735
171,PQN_RNN (Lru),False,NavigatorEasy,m29dnljh,0.8815677
172,PQN_RNN (Lru),False,NavigatorEasy,opln2nmf,-0.40376148
173,PQN_RNN (Lru),False,NavigatorEasy,sobzz07o,-0.18137859
174,PQN_RNN (Lru),False,NavigatorHard,56jhukiq,-0.2447808
175,PQN_RNN (Lru),False,NavigatorHard,gp3p4pru,-0.17033923
176,PQN_RNN (Lru),False,NavigatorHard,xvw5vg8s,-0.09887519
177,PQN_RNN (Lru),False,NavigatorMedium,6tyyon9i,-0.36021644
178,PQN_RNN (Lru),False,NavigatorMedium,ppul6l9e,-0.4052484
179,PQN_RNN (Lru),False,NavigatorMedium,uz8jt1xf,-0.32381308
180,PQN_RNN (Lru),False,NoisyCartPoleEasy,r9avf3wr,0.98041314
181,PQN_RNN (Lru),False,NoisyCartPoleEasy,vgm5sxdd,0.9847901
182,PQN_RNN (Lru),False,NoisyCartPoleEasy,xz7vdxnn,0.99017227
183,PQN_RNN (Lru),False,NoisyCartPoleHard,7dpkz203,0.9626116
184,PQN_RNN (Lru),False,NoisyCartPoleHard,ms0n1uwy,0.9639143
185,PQN_RNN (Lru),False,NoisyCartPoleHard,u3yblmzz,0.960525
186,PQN_RNN (Lru),False,NoisyCartPoleMedium,7qpf271q,0.98039097
187,PQN_RNN (Lru),False,NoisyCartPoleMedium,ie5kwqdt,0.98650825
188,PQN_RNN (Lru),False,NoisyCartPoleMedium,pkpurkv3,0.98593783
189,PQN_RNN (Lru),True,AutoEncodeEasy,3wfkcdnl,0.25466722
190,PQN_RNN (Lru),True,AutoEncodeEasy,k1sssh7d,0.26530236
191,PQN_RNN (Lru),True,AutoEncodeEasy,zdokvvwj,0.26014403
192,PQN_RNN (Lru),True,AutoEncodeHard,1ew1k55y,0.24107818
193,PQN_RNN (Lru),True,AutoEncodeHard,k2k04e6e,0.23540606
194,PQN_RNN (Lru),True,AutoEncodeHard,mb50933u,0.23369706
195,PQN_RNN (Lru),True,AutoEncodeMedium,gh8x14wy,0.24771254
196,PQN_RNN (Lru),True,AutoEncodeMedium,st3xd4ul,0.24575934
197,PQN_RNN (Lru),True,AutoEncodeMedium,t9bv8o16,0.2470316
198,PQN_RNN (Lru),True,BattleShipEasy,jl9yyr3g,0.8374443
199,PQN_RNN (Lru),True,BattleShipEasy,tzm5rn8z,0.8263745
200,PQN_RNN (Lru),True,BattleShipEasy,uhrp7diy,0.8455204
201,PQN_RNN (Lru),True,BattleShipHard,1unmh48t,0.63346523
202,PQN_RNN (Lru),True,BattleShipHard,9smhrh20,0.6437145
203,PQN_RNN (Lru),True,BattleShipHard,afq9qdq7,0.6571252
204,PQN_RNN (Lru),True,BattleShipMedium,14did2v4,0.78954804
205,PQN_RNN (Lru),True,BattleShipMedium,kcboadje,0.7711222
206,PQN_RNN (Lru),True,BattleShipMedium,tbknirhr,0.74217933
207,PQN_RNN (Lru),True,CartPoleEasy,0rtosiez,0.9917461
208,PQN_RNN (Lru),True,CartPoleEasy,egb8dsgh,0.98931587
209,PQN_RNN (Lru),True,CartPoleEasy,qlvvx8ae,0.98527616
210,PQN_RNN (Lru),True,CartPoleHard,8t7l016k,0.92655593
211,PQN_RNN (Lru),True,CartPoleHard,fk3zez6d,0.91656566
212,PQN_RNN (Lru),True,CartPoleHard,igmh8jj5,0.89096963
213,PQN_RNN (Lru),True,CartPoleMedium,10daht4u,0.976426
214,PQN_RNN (Lru),True,CartPoleMedium,xx2bi9sa,0.95165336
215,PQN_RNN (Lru),True,CartPoleMedium,yzc5iw9j,0.9472869
216,PQN_RNN (Lru),True,CountRecallEasy,2fp7yfmn,0.37306225
217,PQN_RNN (Lru),True,CountRecallEasy,jv16twzh,0.36599997
218,PQN_RNN (Lru),True,CountRecallEasy,w7rsidfd,0.3709191
219,PQN_RNN (Lru),True,CountRecallHard,hpt32jm4,0.21177632
220,PQN_RNN (Lru),True,CountRecallHard,kq0tuhyo,0.21487562
221,PQN_RNN (Lru),True,CountRecallHard,vdcz6do0,0.19905443
222,PQN_RNN (Lru),True,CountRecallMedium,lh1fwfjx,0.2509685
223,PQN_RNN (Lru),True,CountRecallMedium,tqp00j8n,0.21655321
224,PQN_RNN (Lru),True,CountRecallMedium,y1jjfu42,0.25507897
225,PQN_RNN (Lru),True,MineSweeperEasy,i6481ut5,0.6117795
226,PQN_RNN (Lru),True,MineSweeperEasy,q6rea9np,0.67737406
227,PQN_RNN (Lru),True,MineSweeperEasy,qgcxqcq3,0.6706929
228,PQN_RNN (Lru),True,MineSweeperHard,egvssznf,0.22764939
229,PQN_RNN (Lru),True,MineSweeperHard,f24i92tw,0.23127429
230,PQN_RNN (Lru),True,MineSweeperHard,o6779rlf,0.22534277
231,PQN_RNN (Lru),True,MineSweeperMedium,0looesk5,0.33383477
232,PQN_RNN (Lru),True,MineSweeperMedium,0qncea9g,0.30082777
233,PQN_RNN (Lru),True,MineSweeperMedium,x4tlvkca,0.34114808
234,PQN_RNN (Lru),True,NavigatorEasy,35jykbpg,0.6013768
235,PQN_RNN (Lru),True,NavigatorEasy,mwvneoek,0.5892564
236,PQN_RNN (Lru),True,NavigatorEasy,tzyxaxac,0.5942947
237,PQN_RNN (Lru),True,NavigatorHard,0sbqjht3,0.49165815
238,PQN_RNN (Lru),True,NavigatorHard,9fng422d,0.46989986
239,PQN_RNN (Lru),True,NavigatorHard,xyqur40l,0.48134735
240,PQN_RNN (Lru),True,NavigatorMedium,h1opgx8r,0.5150457
241,PQN_RNN (Lru),True,NavigatorMedium,uugm890y,0.4740635
242,PQN_RNN (Lru),True,NavigatorMedium,vj95ytc4,0.49105495
243,PQN_RNN (Lru),True,NoisyCartPoleEasy,psmstsli,0.9920403
244,PQN_RNN (Lru),True,NoisyCartPoleEasy,r9y7dcg7,0.9907643
245,PQN_RNN (Lru),True,NoisyCartPoleEasy,x4dp5ts1,0.9901382
246,PQN_RNN (Lru),True,NoisyCartPoleHard,23l75as5,0.96418417
247,PQN_RNN (Lru),True,NoisyCartPoleHard,5khdkp94,0.97022825
248,PQN_RNN (Lru),True,NoisyCartPoleHard,whyrv4oz,0.96209615
249,PQN_RNN (Lru),True,NoisyCartPoleMedium,qjkxseru,0.98582834
250,PQN_RNN (Lru),True,NoisyCartPoleMedium,r8fyjk40,0.98555094
251,PQN_RNN (Lru),True,NoisyCartPoleMedium,xc6122yk,0.980346
252,PQN_RNN (Mingru),False,AutoEncodeEasy,grvt7y7w,0.27463114
253,PQN_RNN (Mingru),False,AutoEncodeEasy,sp6sbkad,0.2748741
254,PQN_RNN (Mingru),False,AutoEncodeEasy,spqu8g2t,0.27146786
255,PQN_RNN (Mingru),False,AutoEncodeHard,e154dv5d,0.25336587
256,PQN_RNN (Mingru),False,AutoEncodeHard,k9h2unty,0.25267363
257,PQN_RNN (Mingru),False,AutoEncodeHard,tcyrv9hw,0.25486618
258,PQN_RNN (Mingru),False,AutoEncodeMedium,5uuhshox,0.2556419
259,PQN_RNN (Mingru),False,AutoEncodeMedium,v5kykcfu,0.25491568
260,PQN_RNN (Mingru),False,AutoEncodeMedium,x6jg3do3,0.25801164
261,PQN_RNN (Mingru),False,BattleShipEasy,c5d3p0xk,0.6012374
262,PQN_RNN (Mingru),False,BattleShipEasy,lra2h6kf,0.5253019
263,PQN_RNN (Mingru),False,BattleShipEasy,xddmzde1,0.6643105
264,PQN_RNN (Mingru),False,BattleShipHard,3oo21rfq,0.34350222
265,PQN_RNN (Mingru),False,BattleShipHard,5hiem19e,0.28499758
266,PQN_RNN (Mingru),False,BattleShipHard,npxtgmqz,0.29428437
267,PQN_RNN (Mingru),False,BattleShipMedium,axnwhjt5,0.41232812
268,PQN_RNN (Mingru),False,BattleShipMedium,khwdk3r4,0.37795964
269,PQN_RNN (Mingru),False,BattleShipMedium,v3hawz4q,0.3698162
270,PQN_RNN (Mingru),False,CartPoleEasy,h1tj1wru,0.9591171
271,PQN_RNN (Mingru),False,CartPoleEasy,onrr7lpe,0.95078766
272,PQN_RNN (Mingru),False,CartPoleEasy,uqgziuq4,0.9594244
273,PQN_RNN (Mingru),False,CartPoleHard,8qy97867,0.8983432
274,PQN_RNN (Mingru),False,CartPoleHard,dsndsep6,0.9381043
275,PQN_RNN (Mingru),False,CartPoleHard,g6ui30g9,0.7705659
276,PQN_RNN (Mingru),False,CartPoleMedium,1xr1dmuc,0.9121079
277,PQN_RNN (Mingru),False,CartPoleMedium,ndgzvoze,0.90118915
278,PQN_RNN (Mingru),False,CartPoleMedium,t8smqoje,0.8970727
279,PQN_RNN (Mingru),False,CountRecallEasy,8tv1qqmu,0.3884607
280,PQN_RNN (Mingru),False,CountRecallEasy,d1pp3738,0.409762
281,PQN_RNN (Mingru),False,CountRecallEasy,y3iuacoc,0.3895105
282,PQN_RNN (Mingru),False,CountRecallHard,bu5t0uix,0.16200699
283,PQN_RNN (Mingru),False,CountRecallHard,i5cj2ut7,0.17374289
284,PQN_RNN (Mingru),False,CountRecallHard,usgkj3s5,0.17518501
285,PQN_RNN (Mingru),False,CountRecallMedium,3tiumxdn,0.19313118
286,PQN_RNN (Mingru),False,CountRecallMedium,r0y2ctwr,0.18698657
287,PQN_RNN (Mingru),False,CountRecallMedium,t41rd9ks,0.20792641
288,PQN_RNN (Mingru),False,MineSweeperEasy,bvtn4d7i,0.69553673
289,PQN_RNN (Mingru),False,MineSweeperEasy,jytw0u6p,0.7228277
290,PQN_RNN (Mingru),False,MineSweeperEasy,r36zmz0t,0.713848
291,PQN_RNN (Mingru),False,MineSweeperHard,2rrmyctg,0.13994674
292,PQN_RNN (Mingru),False,MineSweeperHard,3a7yj71y,0.14368469
293,PQN_RNN (Mingru),False,MineSweeperHard,eutmmtmt,0.15032963
294,PQN_RNN (Mingru),False,MineSweeperMedium,2n0e9i0o,0.30099803
295,PQN_RNN (Mingru),False,MineSweeperMedium,9m8pmp73,0.29429436
296,PQN_RNN (Mingru),False,MineSweeperMedium,hqu67i45,0.28153402
297,PQN_RNN (Mingru),False,NavigatorEasy,cpnfceew,-0.47160935
298,PQN_RNN (Mingru),False,NavigatorEasy,dcxnb7rm,-0.4995197
299,PQN_RNN (Mingru),False,NavigatorEasy,ew62kuqe,-0.503128
300,PQN_RNN (Mingru),False,NavigatorHard,axwu3a3v,-0.43066472
301,PQN_RNN (Mingru),False,NavigatorHard,dgd6sdkc,-0.38707653
302,PQN_RNN (Mingru),False,NavigatorHard,ejuaxawk,-0.40740123
303,PQN_RNN (Mingru),False,NavigatorMedium,08o5inny,-0.47323218
304,PQN_RNN (Mingru),False,NavigatorMedium,os8q9aid,-0.4556634
305,PQN_RNN (Mingru),False,NavigatorMedium,pqzgt1of,-0.49271286
306,PQN_RNN (Mingru),False,NoisyCartPoleEasy,5g6i6fcu,0.96273196
307,PQN_RNN (Mingru),False,NoisyCartPoleEasy,o8vnfyjh,0.9631915
308,PQN_RNN (Mingru),False,NoisyCartPoleEasy,wg4qoc8x,0.9487637
309,PQN_RNN (Mingru),False,NoisyCartPoleHard,9c8pphk3,0.8213547
310,PQN_RNN (Mingru),False,NoisyCartPoleHard,iah3wd6s,0.8613524
311,PQN_RNN (Mingru),False,NoisyCartPoleHard,n0fb1110,0.8687709
312,PQN_RNN (Mingru),False,NoisyCartPoleMedium,2u8oussf,0.9244088
313,PQN_RNN (Mingru),False,NoisyCartPoleMedium,fe5qlsyu,0.93578804
314,PQN_RNN (Mingru),False,NoisyCartPoleMedium,q4zug4ux,0.90221477
315,PQN_RNN (Mingru),True,AutoEncodeEasy,c4fbp9gf,0.27051768
316,PQN_RNN (Mingru),True,AutoEncodeEasy,ky3zhjh1,0.2786904
317,PQN_RNN (Mingru),True,AutoEncodeEasy,xxuqt9ov,0.27622125
318,PQN_RNN (Mingru),True,AutoEncodeHard,05i2ux8s,0.24862245
319,PQN_RNN (Mingru),True,AutoEncodeHard,ut9o2ip9,0.23669964
320,PQN_RNN (Mingru),True,AutoEncodeHard,x6lck8aj,0.24357535
321,PQN_RNN (Mingru),True,AutoEncodeMedium,lrhno0qk,0.25666422
322,PQN_RNN (Mingru),True,AutoEncodeMedium,pc9jlg5n,0.25635543
323,PQN_RNN (Mingru),True,AutoEncodeMedium,yny065aw,0.2544227
324,PQN_RNN (Mingru),True,BattleShipEasy,3gd2crvv,0.7100818
325,PQN_RNN (Mingru),True,BattleShipEasy,8lmhj9sv,0.6742217
326,PQN_RNN (Mingru),True,BattleShipEasy,vcfiylxp,0.66085964
327,PQN_RNN (Mingru),True,BattleShipHard,7v80rptk,0.43208367
328,PQN_RNN (Mingru),True,BattleShipHard,f25x2rno,0.52233624
329,PQN_RNN (Mingru),True,BattleShipHard,q4gybo1x,0.34478226
330,PQN_RNN (Mingru),True,BattleShipMedium,as2l4g9o,0.527528
331,PQN_RNN (Mingru),True,BattleShipMedium,q870iemc,0.5446266
332,PQN_RNN (Mingru),True,BattleShipMedium,y8j9cjvh,0.5515075
333,PQN_RNN (Mingru),True,CartPoleEasy,44xywuf0,0.86269987
334,PQN_RNN (Mingru),True,CartPoleEasy,d8q84lcw,0.9039562
335,PQN_RNN (Mingru),True,CartPoleEasy,hpsy72oq,0.9037972
336,PQN_RNN (Mingru),True,CartPoleHard,57e0w05b,0.5024533
337,PQN_RNN (Mingru),True,CartPoleHard,hf5qizq7,0.542039
338,PQN_RNN (Mingru),True,CartPoleHard,m3mt192e,0.54477096
339,PQN_RNN (Mingru),True,CartPoleMedium,345h6h0y,0.7286526
340,PQN_RNN (Mingru),True,CartPoleMedium,7hpfa7ho,0.7049739
341,PQN_RNN (Mingru),True,CartPoleMedium,qukjg2cx,0.7342786
342,PQN_RNN (Mingru),True,CountRecallEasy,49pgae18,0.23747757
343,PQN_RNN (Mingru),True,CountRecallEasy,ri15m31x,0.22824821
344,PQN_RNN (Mingru),True,CountRecallEasy,skpmj2sg,0.22688442
345,PQN_RNN (Mingru),True,CountRecallHard,oesutsu6,0.105972655
346,PQN_RNN (Mingru),True,CountRecallHard,w4bgio3m,0.05271707
347,PQN_RNN (Mingru),True,CountRecallHard,xze8gx6x,0.1022863
348,PQN_RNN (Mingru),True,CountRecallMedium,o8eqsq03,0.16465491
349,PQN_RNN (Mingru),True,CountRecallMedium,x3f8b5xt,0.088588946
350,PQN_RNN (Mingru),True,CountRecallMedium,zf89mbvj,0.15283062
351,PQN_RNN (Mingru),True,MineSweeperEasy,kvtbrq85,0.5624246
352,PQN_RNN (Mingru),True,MineSweeperEasy,p05wy4us,0.53295815
353,PQN_RNN (Mingru),True,MineSweeperEasy,sy5r8j1o,0.5417661
354,PQN_RNN (Mingru),True,MineSweeperHard,k8hy5nbl,0.15839933
355,PQN_RNN (Mingru),True,MineSweeperHard,rs35hi7q,0.1503876
356,PQN_RNN (Mingru),True,MineSweeperHard,x32mqose,0.14871822
357,PQN_RNN (Mingru),True,MineSweeperMedium,83qf08du,0.24107806
358,PQN_RNN (Mingru),True,MineSweeperMedium,n8fvqj9p,0.23842973
359,PQN_RNN (Mingru),True,MineSweeperMedium,qfnpw5pm,0.23636349
360,PQN_RNN (Mingru),True,NavigatorEasy,aax39hlx,0.5061637
361,PQN_RNN (Mingru),True,NavigatorEasy,lp8rukz8,0.47423863
362,PQN_RNN (Mingru),True,NavigatorEasy,t69n4y7a,0.45877984
363,PQN_RNN (Mingru),True,NavigatorHard,iqrftpfp,0.007727718
364,PQN_RNN (Mingru),True,NavigatorHard,wumrpg2v,0.109720685
365,PQN_RNN (Mingru),True,NavigatorHard,xhyrgg1i,0.3821388
366,PQN_RNN (Mingru),True,NavigatorMedium,2phqcod8,0.37680578
367,PQN_RNN (Mingru),True,NavigatorMedium,gcvf9n4m,0.3785693
368,PQN_RNN (Mingru),True,NavigatorMedium,kikn586p,0.3254731
369,PQN_RNN (Mingru),True,NoisyCartPoleEasy,1lg2mvn0,0.89232236
370,PQN_RNN (Mingru),True,NoisyCartPoleEasy,cqlgw849,0.91805077
371,PQN_RNN (Mingru),True,NoisyCartPoleEasy,dkbszvxv,0.88949764
372,PQN_RNN (Mingru),True,NoisyCartPoleHard,3zcet12y,0.74344456
373,PQN_RNN (Mingru),True,NoisyCartPoleHard,wootblsu,0.7606049
374,PQN_RNN (Mingru),True,NoisyCartPoleHard,zu6zbhul,0.7610746
375,PQN_RNN (Mingru),True,NoisyCartPoleMedium,eimosl1w,0.85441387
376,PQN_RNN (Mingru),True,NoisyCartPoleMedium,s43kepzg,0.85201555
377,PQN_RNN (Mingru),True,NoisyCartPoleMedium,xrpcsyqz,0.84299123
